generation,ga_mean,ga_std,ga_best,de_mean,de_std,de_best
0,0.985462265080527,0.0066594289523391696,0.9931905918189646,0.9841416036089938,0.007856228371495468,0.9931855353080256
1,0.9886907825314524,0.004538793747252639,0.9931905918189646,0.988916461626785,0.006459662115097391,0.9931855353080256
2,0.9901442609613188,0.004086967260728797,0.9931905918189646,0.9910542023893706,0.0026473172311797543,0.9931905918189646
3,0.9909612599087175,0.003669252412941825,0.9931905918189646,0.9922802494332554,0.0015050730784308655,0.9931905918189646
4,0.9915525796785902,0.002620186697662786,0.9931905918189646,0.9926893711367623,0.0008944876403132463,0.9931905918189646
5,0.9921891909972503,0.0018259200892240897,0.9931905918189646,0.9928705971435126,0.0008376733899285099,0.9931905918189646
