,mean,median,std,min,max,q25,q75
GA,0.99219,0.99319,0.00183,0.98637,0.99319,0.99183,0.99319
DE,0.99287,0.99319,0.00084,0.9891,0.99319,0.99319,0.99319
